{
    "root_pose": [
        2.782998561859131,
        0.14739714562892914,
        -0.5602267980575562
    ],
    "body_pose": [
        -0.18581771850585938,
        0.011447829194366932,
        0.10440301895141602,
        -0.21270810067653656,
        -0.01952207460999489,
        -0.09179190546274185,
        0.2683875858783722,
        -0.01632450520992279,
        -0.01603931561112404,
        0.4661470353603363,
        0.023747075349092484,
        -0.05888955295085907,
        0.5118699669837952,
        -0.0321219339966774,
        0.08248992264270782,
        0.04369504377245903,
        -0.037725336849689484,
        0.0044494736939668655,
        -0.1428341269493103,
        0.08959967643022537,
        -0.03208368644118309,
        -0.11765806376934052,
        -0.05662565678358078,
        0.04527967795729637,
        -0.07979865372180939,
        -0.020258836448192596,
        0.008888943120837212,
        0.01117225456982851,
        -0.004959230311214924,
        0.0008782960940152407,
        0.005003631114959717,
        0.003345519071444869,
        0.007710808888077736,
        0.2941506803035736,
        -0.04301183670759201,
        0.02152528055012226,
        -0.07458426058292389,
        -0.365987092256546,
        -0.16554810106754303,
        -0.07444480061531067,
        0.26829642057418823,
        -0.02746594324707985,
        -0.1025012657046318,
        -0.11611786484718323,
        0.013076430186629295,
        -0.005945347249507904,
        -0.4336792230606079,
        -0.8444384336471558,
        -0.06508466601371765,
        0.3835993707180023,
        0.9947260022163391,
        0.19209767878055573,
        -1.2029833793640137,
        0.36218011379241943,
        0.0626152753829956,
        1.5309020280838013,
        -0.43792685866355896,
        -0.07578876614570618,
        -0.20598599314689636,
        0.3789084553718567,
        -0.05740469694137573,
        0.13788847625255585,
        -0.23457078635692596
    ]
}