{
    "root_pose": [
        2.918764591217041,
        0.003735373029485345,
        -0.009900867938995361
    ],
    "body_pose": [
        -0.165562242269516,
        0.0045577529817819595,
        0.09311002492904663,
        -0.17179633677005768,
        -0.018294747918844223,
        -0.09099630266427994,
        0.24621304869651794,
        0.0010839628521353006,
        0.0023955958895385265,
        0.4616929590702057,
        0.020031223073601723,
        -0.05469212681055069,
        0.47179102897644043,
        -0.019139043986797333,
        0.07261461764574051,
        0.03852401673793793,
        -0.0037201461382210255,
        0.0022781812585890293,
        -0.11910538375377655,
        0.09427313506603241,
        -0.038535069674253464,
        -0.10317695140838623,
        -0.09092584997415543,
        0.04202837496995926,
        -0.07583139091730118,
        0.004558917600661516,
        0.01054582092911005,
        0.0079074427485466,
        -0.005331853870302439,
        0.00043098320020362735,
        0.0034876621793955564,
        0.005448328331112862,
        0.014612519182264805,
        0.27924203872680664,
        -0.027492856606841087,
        -0.020603658631443977,
        -0.022862059995532036,
        -0.2772665321826935,
        -0.07547973841428757,
        -0.014968786388635635,
        0.3322386145591736,
        0.0707678496837616,
        -0.01056709885597229,
        -0.011996832676231861,
        0.023460347205400467,
        0.100101038813591,
        -0.3361203968524933,
        -0.9306979179382324,
        -0.005690047983080149,
        0.33766546845436096,
        0.9834102392196655,
        0.22808894515037537,
        -1.1227967739105225,
        0.30294138193130493,
        0.13050693273544312,
        1.2649635076522827,
        -0.4043272137641907,
        -0.031079232692718506,
        -0.2535247802734375,
        0.3253794312477112,
        0.008797556161880493,
        0.12723709642887115,
        -0.25706619024276733
    ]
}